sugars,energy_kcal
1.0,0.12529373487443574
0.12529373487443574,1.0
