fat,energy_kcal
1.0,0.9426305092597543
0.9426305092597543,1.0
