calorie_category,sugars
High Calorie,18.67408990228935
Moderate Calorie,13.723111115929646
Unknown,10.446029411764707
Low Calorie,5.3052373734511065
