calorie_category,fat
High Calorie,36.928807873425235
Unknown,23.308382352941177
Moderate Calorie,10.214177146503625
Low Calorie,3.046549605136436
